"covariate","mean_non_discounted","mean_discounted","diff_discounted","p_discounted","sig_discounted","N_discounted","coef_per_1000UGX_offer","p_offer","sig_offer","N_offer"
"age_head",48.024,49.495,1.47,0.178,"",744,0.6798,0.1,"",744
"prim_head",0.534,0.504,-0.03,0.471,"",759,0.0052,0.758,"",759
"male_head",0.818,0.749,-0.069,0.041,"*",759,-0.0226,0.077,"+",759
"hh_size",8.537,7.797,-0.74,0.031,"*",759,-0.0382,0.757,"",759
"dist_ag",3.734,3.891,0.158,0.788,"",729,-0.1329,0.107,"",729
"quality_use",0.432,0.398,-0.033,0.363,"",759,-0.0112,0.459,"",759
"promo_use_rand",0.068,0.058,-0.01,0.604,"",759,-0.0114,0.107,"",759
"source_rand",0.347,0.354,0.006,0.892,"",759,0.0053,0.714,"",759
"often_rand",0.216,0.174,-0.042,0.161,"",759,-0.0048,0.625,"",759
"acre_rand",1.141,1.078,-0.063,0.42,"",758,0.0078,0.774,"",758
"yield_rand",407.313,436.349,29.036,0.332,"",749,-0.8612,0.937,"",749
"JOINT TEST (all covariates)",NA,NA,NA,0.206,"",705,NA,0.125,"",705
