"family","outcome","margin","coef_nocontrols","se_nocontrols","p_nocontrols","coef_controls","se_controls","p_controls","N_nocontrols","N_controls"
"Table2_use","used_TP","screening",0.005,0.003,0.155,0.003,0.003,0.33,749,749
"Table2_use","used_TP","sunk",-0.014,0.014,0.301,-0.014,0.013,0.275,749,749
"Table2_use","used_TP","signaling",-0.004,0.004,0.36,-0.006,0.004,0.143,749,749
"Table2_use","TP_separate","screening",-0.002,0.004,0.542,0,0.004,0.978,727,727
"Table2_use","TP_separate","sunk",-0.003,0.024,0.893,-0.001,0.025,0.967,727,727
"Table2_use","TP_separate","signaling",-0.005,0.007,0.491,-0.004,0.007,0.528,727,727
"Table2_use","who_used","screening",0.002,0.005,0.667,0.004,0.005,0.405,728,728
"Table2_use","who_used","sunk",-0.044,0.026,0.093,-0.04,0.026,0.12,728,728
"Table2_use","who_used","signaling",-0.011,0.009,0.234,-0.011,0.009,0.24,728,728
"Table2_use","sep_post_harvest","screening",0.004,0.009,0.613,0.007,0.009,0.458,683,683
"Table2_use","sep_post_harvest","sunk",-0.122,0.047,0.009,-0.116,0.048,0.015,683,683
"Table2_use","sep_post_harvest","signaling",0.007,0.016,0.647,0.01,0.016,0.531,683,683
"Table2_use","cor_plant","screening",0.016,0.006,0.01,0.017,0.006,0.008,714,714
"Table2_use","cor_plant","sunk",-0.035,0.036,0.339,-0.037,0.035,0.3,714,714
"Table2_use","cor_plant","signaling",-0.011,0.011,0.325,-0.015,0.011,0.203,714,714
"Table2_use","use_fert","screening",0.021,0.01,0.035,0.017,0.01,0.083,728,728
"Table2_use","use_fert","sunk",-0.078,0.055,0.156,-0.085,0.053,0.108,728,728
"Table2_use","use_fert","signaling",0,0.014,0.978,-0.004,0.014,0.762,728,728
"Table2_use","use_chem","screening",0.01,0.008,0.209,-0.001,0.008,0.885,728,728
"Table2_use","use_chem","sunk",-0.032,0.046,0.487,-0.037,0.044,0.399,728,728
"Table2_use","use_chem","signaling",-0.009,0.013,0.472,-0.014,0.013,0.277,728,728
"Table2_use","index_use","screening",0.017,0.006,0.005,0.014,0.006,0.021,669,669
"Table2_use","index_use","sunk",-0.103,0.037,0.006,-0.104,0.037,0.005,669,669
"Table2_use","index_use","signaling",-0.003,0.011,0.757,-0.005,0.011,0.622,669,669
"Table3_plan","plan_imp","screening",0.025,0.009,0.006,0.017,0.009,0.056,758,758
"Table3_plan","plan_imp","sunk",0.04,0.043,0.354,0.039,0.042,0.35,758,758
"Table3_plan","plan_imp","signaling",0.009,0.014,0.527,0.006,0.014,0.662,758,758
"Table3_plan","plan_bazooka","screening",0.023,0.009,0.015,0.015,0.009,0.098,758,758
"Table3_plan","plan_bazooka","sunk",0.028,0.047,0.549,0.03,0.046,0.512,758,758
"Table3_plan","plan_bazooka","signaling",0.007,0.013,0.583,0.005,0.013,0.71,758,758
"Table3_plan","plan_area","screening",0.019,0.023,0.413,-0.051,0.031,0.1,473,473
"Table3_plan","plan_area","sunk",0.149,0.156,0.339,0.048,0.131,0.714,473,473
"Table3_plan","plan_area","signaling",-0.066,0.046,0.154,-0.061,0.037,0.101,473,473
"Table3_plan","plan_bought","screening",0.005,0.005,0.375,0.004,0.005,0.427,758,758
"Table3_plan","plan_bought","sunk",-0.032,0.023,0.162,-0.029,0.023,0.205,758,758
"Table3_plan","plan_bought","signaling",-0.011,0.009,0.211,-0.012,0.009,0.192,758,758
"Table3_plan","index_plan","screening",0.007,0.012,0.584,-0.012,0.012,0.328,473,473
"Table3_plan","index_plan","sunk",-0.036,0.051,0.483,-0.056,0.048,0.244,473,473
"Table3_plan","index_plan","signaling",-0.04,0.021,0.061,-0.038,0.019,0.051,473,473
"Table4_next_season","rnd_adopt","screening",0.006,0.008,0.45,-0.001,0.008,0.858,703,703
"Table4_next_season","rnd_adopt","sunk",0.029,0.043,0.498,0.025,0.041,0.535,703,703
"Table4_next_season","rnd_adopt","signaling",0.012,0.012,0.341,0.009,0.012,0.469,703,703
"Table4_next_season","rnd_bazo","screening",0.005,0.006,0.455,0,0.007,0.993,703,703
"Table4_next_season","rnd_bazo","sunk",0.014,0.031,0.636,0.011,0.03,0.721,703,703
"Table4_next_season","rnd_bazo","signaling",0.003,0.009,0.763,0.002,0.009,0.851,703,703
"Table4_next_season","use_fert_end","screening",-0.002,0.011,0.818,-0.011,0.011,0.306,697,697
"Table4_next_season","use_fert_end","sunk",-0.059,0.053,0.267,-0.063,0.049,0.202,697,697
"Table4_next_season","use_fert_end","signaling",-0.002,0.015,0.904,-0.006,0.015,0.714,697,697
"Table4_next_season","use_chem_end","screening",-0.005,0.009,0.603,-0.018,0.008,0.03,698,698
"Table4_next_season","use_chem_end","sunk",-0.032,0.049,0.512,-0.035,0.045,0.446,698,698
"Table4_next_season","use_chem_end","signaling",0.008,0.013,0.56,0.002,0.013,0.851,698,698
"Table4_next_season","production_ihs","screening",0.06,0.02,0.002,0.037,0.019,0.055,686,686
"Table4_next_season","production_ihs","sunk",-0.147,0.111,0.187,-0.17,0.102,0.098,686,686
"Table4_next_season","production_ihs","signaling",-0.031,0.033,0.346,-0.039,0.032,0.225,686,686
"Table4_next_season","productivity_ihs","screening",0.029,0.018,0.117,0.027,0.017,0.117,678,678
"Table4_next_season","productivity_ihs","sunk",-0.223,0.095,0.019,-0.225,0.094,0.016,678,678
"Table4_next_season","productivity_ihs","signaling",-0.035,0.033,0.292,-0.038,0.034,0.26,678,678
"Table4_next_season","index_next_season","screening",0.009,0.009,0.364,-0.007,0.009,0.462,677,677
"Table4_next_season","index_next_season","sunk",-0.067,0.063,0.29,-0.071,0.058,0.224,677,677
"Table4_next_season","index_next_season","signaling",0.001,0.017,0.951,-0.005,0.017,0.782,677,677
