"family","outcome","margin","coef","cluster_se_p","wcb_p","ri_p","rw_p","bh_q","with_controls_wcb_p","with_controls_ri_p"
"Table2_use","used_TP","sunk",-0.0143298387713265,0.302456276128493,0.298298298298298,0.315,0.773773773773774,0.475477078170121,0.251251251251251,0.3015
"Table2_use","TP_separate","sunk",-0.00316018158862703,0.893446340440905,0.898898898898899,0.905,0.898898898898899,0.893446340440905,0.854854854854855,0.8445
"Table2_use","who_used","sunk",-0.0441063502850247,0.0941948395941708,0.106106106106106,0.1055,0.454454454454454,0.329681938579598,0.153153153153153,0.1495
"Table2_use","sep_post_harvest","sunk",-0.121888856961548,0.00930402490352379,0.00900900900900901,0.0115,0.0780780780780781,0.0651281743246665,0.016016016016016,0.014
"Table2_use","cor_plant","sunk",-0.0347788208062839,0.33962648440723,0.353353353353353,0.359,0.773773773773774,0.475477078170121,0.319319319319319,0.3125
"Table2_use","use_fert","sunk",-0.078064391706637,0.156511155567896,0.163163163163163,0.163,0.574574574574575,0.365192696325092,0.163163163163163,0.1585
"Table2_use","use_chem","sunk",-0.0319517745060626,0.487530472817221,0.496496496496497,0.506,0.773773773773774,0.568785551620091,0.378378378378378,0.365
"Table2_use","index_use","sunk",-0.103445061065629,0.00587312658903148,0.013013013013013,0.0115,NA,NA,0.017017017017017,0.0115
"Table2_use","used_TP","screening",0.00464022171627783,0.156363968480047,0.175175175175175,NA,0.608608608608609,0.364849259786775,NA,NA
"Table2_use","TP_separate","screening",-0.0023707727089961,0.542767746032141,0.546546546546547,NA,0.8998998998999,0.667992369995496,NA,NA
"Table2_use","who_used","screening",0.00198353585480361,0.667992369995496,0.673673673673674,NA,0.8998998998999,0.667992369995496,NA,NA
"Table2_use","sep_post_harvest","screening",0.00444144349282702,0.614212415941566,0.660660660660661,NA,0.8998998998999,0.667992369995496,NA,NA
"Table2_use","cor_plant","screening",0.0157919271730989,0.00994359076873437,0.015015015015015,NA,0.0890890890890891,0.0696051353811406,NA,NA
"Table2_use","use_fert","screening",0.0209809415080262,0.0352950644547481,0.044044044044044,NA,0.233233233233233,0.123532725591618,NA,NA
"Table2_use","use_chem","screening",0.0102989430339133,0.209971814561319,0.226226226226226,NA,0.625625625625626,0.367450675482308,NA,NA
"Table2_use","index_use","screening",0.0171840453323503,0.00496770050382798,0.00600600600600601,NA,NA,NA,NA,NA
"Table2_use","used_TP","signaling",-0.00377203178230444,0.361502302756901,0.362362362362362,NA,0.887887887887888,0.688995105175329,NA,NA
"Table2_use","TP_separate","signaling",-0.00493931190575707,0.492139360839521,0.488488488488488,NA,0.912912912912913,0.688995105175329,NA,NA
"Table2_use","who_used","signaling",-0.0111560932859156,0.235362583393379,0.249249249249249,NA,0.834834834834835,0.688995105175329,NA,NA
"Table2_use","sep_post_harvest","signaling",0.0074936145001271,0.648077313505434,0.640640640640641,NA,0.912912912912913,0.756090199089672,NA,NA
"Table2_use","cor_plant","signaling",-0.0113243999444411,0.32561290101061,0.315315315315315,NA,0.887887887887888,0.688995105175329,NA,NA
"Table2_use","use_fert","signaling",-0.000389336159679252,0.978122853922344,0.980980980980981,NA,0.980980980980981,0.978122853922344,NA,NA
"Table2_use","use_chem","signaling",-0.00930403410055113,0.472847616960784,0.456456456456456,NA,0.912912912912913,0.688995105175329,NA,NA
"Table2_use","index_use","signaling",-0.00338422497397375,0.758003929277565,0.743743743743744,NA,NA,NA,NA,NA
"Table3_plan","plan_imp","sunk",0.0401862344997904,0.354782082084022,0.364364364364364,0.3615,0.621621621621622,0.473042776112029,0.322322322322322,0.314
"Table3_plan","plan_bazooka","sunk",0.0281211270820004,0.549698538279672,0.555555555555556,0.561,0.621621621621622,0.549698538279672,0.498498498498498,0.5015
"Table3_plan","plan_area","sunk",0.149358745003483,0.339899888066009,0.35035035035035,0.368,0.621621621621622,0.473042776112029,0.43043043043043,0.4235
"Table3_plan","plan_bought","sunk",-0.0317521779281696,0.163078800855785,0.169169169169169,0.172,0.455455455455455,0.473042776112029,0.223223223223223,0.2245
"Table3_plan","index_plan","sunk",-0.035674425280436,0.484340796858148,0.493493493493493,0.507,NA,NA,0.494494494494495,0.4975
"Table3_plan","plan_imp","screening",0.0252453232986889,0.00607445323938549,0.00900900900900901,NA,0.03003003003003,0.0242978129575419,NA,NA
"Table3_plan","plan_bazooka","screening",0.0226768066946462,0.0151128205948993,0.021021021021021,NA,0.0560560560560561,0.0302256411897985,NA,NA
"Table3_plan","plan_area","screening",0.018687983192321,0.41397003358386,0.406406406406406,NA,0.5995995995996,0.41397003358386,NA,NA
"Table3_plan","plan_bought","screening",0.00476418241501264,0.376241614656287,0.357357357357357,NA,0.5995995995996,0.41397003358386,NA,NA
"Table3_plan","index_plan","screening",0.00656337752832419,0.584595381618318,0.583583583583584,NA,NA,NA,NA,NA
"Table3_plan","plan_imp","signaling",0.00870119437058016,0.527957589797604,0.515515515515516,NA,0.621621621621622,0.583503375376818,NA,NA
"Table3_plan","plan_bazooka","signaling",0.00734199833734449,0.583503375376818,0.555555555555556,NA,0.621621621621622,0.583503375376818,NA,NA
"Table3_plan","plan_area","signaling",-0.0657678385819403,0.155150170595417,0.158158158158158,NA,0.448448448448448,0.423944509249411,NA,NA
"Table3_plan","plan_bought","signaling",-0.0114411794128312,0.211972254624705,0.243243243243243,NA,0.449449449449449,0.423944509249411,NA,NA
"Table3_plan","index_plan","signaling",-0.0397910572737057,0.0614221221931164,0.0800800800800801,NA,NA,NA,NA,NA
"Table4_next","rnd_adopt","sunk",0.0292762607484166,0.500277974501176,0.507507507507508,0.498,0.825825825825826,0.616912853223115,0.596596596596597,0.572
"Table4_next","rnd_bazo","sunk",0.0144865481174345,0.6376351941713,0.642642642642643,0.6535,0.825825825825826,0.6376351941713,0.712712712712713,0.7135
"Table4_next","use_fert_end","sunk",-0.0589047978521055,0.269383930132362,0.304304304304304,0.281,0.663663663663664,0.538767860264723,0.26026026026026,0.244
"Table4_next","use_chem_end","sunk",-0.0320837555643343,0.514094044352596,0.508508508508508,0.533,0.825825825825826,0.616912853223115,0.454454454454454,0.4705
"Table4_next","production_ihs","sunk",-0.146831369608382,0.189123882574439,0.217217217217217,0.179,0.630630630630631,0.538767860264723,0.152152152152152,0.1055
"Table4_next","productivity_ihs","sunk",-0.222763322399504,0.0198873697116832,0.016016016016016,0.018,0.111111111111111,0.119324218270099,0.015015015015015,0.017
"Table4_next","index_next_season","sunk",-0.067047014162408,0.29260760733203,0.294294294294294,0.2895,NA,NA,0.251251251251251,0.242
"Table4_next","rnd_adopt","screening",0.00612288280128585,0.451998639485177,0.484484484484485,NA,0.913913913913914,0.685392845307412,NA,NA
"Table4_next","rnd_bazo","screening",0.00453430831021998,0.456928563538275,0.48948948948949,NA,0.913913913913914,0.685392845307412,NA,NA
"Table4_next","use_fert_end","screening",-0.00246540152512911,0.819007783982488,0.81981981981982,NA,0.913913913913914,0.819007783982488,NA,NA
"Table4_next","use_chem_end","screening",-0.00468142218093266,0.6043331000612,0.624624624624625,NA,0.913913913913914,0.72519972007344,NA,NA
"Table4_next","production_ihs","screening",0.0602996407784427,0.00250266328309546,0.005005005005005,NA,0.023023023023023,0.0150159796985728,NA,NA
"Table4_next","productivity_ihs","screening",0.02871729151422,0.118350457864474,0.128128128128128,NA,0.507507507507508,0.355051373593422,NA,NA
"Table4_next","index_next_season","screening",0.00851104385977043,0.366110902380172,0.377377377377377,NA,NA,NA,NA,NA
"Table4_next","rnd_adopt","signaling",0.0116837487218347,0.342887337279103,0.326326326326326,NA,0.840840840840841,0.695334157962179,NA,NA
"Table4_next","rnd_bazo","signaling",0.00265973313491649,0.763745101778863,0.75975975975976,NA,0.937937937937938,0.903992741957795,NA,NA
"Table4_next","use_fert_end","signaling",-0.00180941075578016,0.903992741957795,0.893893893893894,NA,0.937937937937938,0.903992741957795,NA,NA
"Table4_next","use_chem_end","signaling",0.00763586957972349,0.561936861214928,0.575575575575576,NA,0.918918918918919,0.842905291822391,NA,NA
"Table4_next","production_ihs","signaling",-0.030955759451352,0.347667078981089,0.346346346346346,NA,0.840840840840841,0.695334157962179,NA,NA
"Table4_next","productivity_ihs","signaling",-0.0347967004237201,0.293935097846263,0.287287287287287,NA,0.812812812812813,0.695334157962179,NA,NA
"Table4_next","index_next_season","signaling",0.00103828470953637,0.951578880170925,0.954954954954955,NA,NA,NA,NA,NA
